,Player,Actual_ROI,Predicted_ROI,Pick,Position,BMI_rel,Age,Gem_detected
1106,Kevin Norwood,200.0,4875.6295853552365,123,WR,0.2671434019446623,24.0,False
2568,Kenny Willekes,250.0,4581.092377877015,225,DE,0.10528687754232555,23.0,False
322,Kyle Rudolph,3600.0,5186.147138312915,43,TE,-0.35051668488422383,21.0,False
3642,Will Johnson,375.0,6857.266347814107,47,CB,-0.691505253289287,22.0,False
856,Shamarko Thomas,1000.0,7602.962906885746,111,DB,2.325182235422283,22.0,False
328,Ben Ijalana,750.0,8855.185212110027,49,T,1.4006119261816763,22.0,False
411,Davon House,3400.0,6225.7095536208235,131,DB,-0.4680276268741013,22.0,False
786,Manti Te'o,1818.181818181818,7006.393089277308,38,LB,0.5803661158677792,22.0,False
3037,Devin Harper,0.0,4163.570973782649,193,LB,0.9169878495548003,24.0,False
3355,Caleb Williams,666.6666666666666,1611.4433922494593,1,QB,1.829387200770663,22.0,False
359,Leonard Hankerson,2000.0,7067.556865274395,79,WR,0.1809873169905767,22.0,False
3743,Marcus Mbow,500.0,6358.771847701479,154,OL,-1.2748704706625487,22.0,False
366,Allen Bailey,5666.666666666667,7651.136543141995,86,DE,1.5463879054542906,22.0,False
297,Aldon Smith,1133.3333333333337,3752.134732526207,7,DE,0.6264884092784935,21.0,False
1105,Marqueston Huff,800.0,6104.609466035913,122,DB,1.0977234875908437,22.0,False
512,Andrew Gachkar,2250.0,2980.3882663576483,234,LB,-1.5379494725061023,22.0,False
3062,Chance Campbell,0.0,4967.113486314314,219,LB,-0.8213328230571646,22.0,False
1052,Dezmen Southward,166.66666666666666,6685.984191299001,68,DB,-0.27906284930593667,23.0,False
2560,Kamren Curl,7250.0,4038.8102260225655,216,S,-1.068114969987701,21.0,True
374,Kenrick Ellis,2000.0,8334.722138935933,94,DT,1.3575783728955788,23.0,False
2305,Dexter Williams,0.0,5450.87230802753,194,RB,-0.4535781072466415,22.0,False
2454,Akeem Davis-Gaither,2800.0,6997.231887045269,107,LB,-0.28387033597046013,22.0,False
1593,Rashard Higgins,3250.0,6566.248242789796,172,WR,-0.46847338646045644,21.0,False
1921,Josh Jackson,888.8888888888888,5483.980200782841,45,CB,0.04758760725597453,22.0,False
2755,Shaun Wade,600.0,5691.291606253892,160,CB,-0.6517106315217456,22.0,False
1362,C.J. Uzomah,3500.0,8122.293327935873,157,TE,0.9314419584249435,22.0,False
2693,Nahshon Wright,1833.3333333333333,4388.239782519009,99,DB,-2.0912799649335927,22.0,False
1545,Deon Bush,1600.0,5203.4387825101985,124,S,-0.4654616342919548,23.0,False
3049,Austin Deculus,800.0,5831.332451385874,205,T,0.6667958353246165,23.0,False
638,Brandon Boykin,1800.0,4795.94119381899,123,DB,-1.6533871749606166,22.0,False
2854,Charles Cross,1076.923076923077,2118.423255210474,9,OL,-0.04251934800939432,21.0,False
794,Kiko Alonso,3666.666666666666,5666.189169834609,46,LB,-0.7613918215343687,23.0,False
1274,Ali Marpet,6142.857142857143,7785.589565776159,61,C,-0.506327948814131,22.0,False
570,Zach Brown,5125.0,7679.553251627725,52,LB,1.4087986302100945,22.0,False
482,Virgil Green,2000.0,3325.328571396582,204,TE,0.01103367369556802,23.0,False
32,D'Qwell Jackson,6100.0,7291.410651040221,34,LB,1.2954786647922985,22.0,False
566,Tavon Wilson,2111.111111111111,7069.646744494058,48,DB,0.8190011317866863,22.0,False
2704,Dez Fitzpatrick,0.0,5093.998319567114,109,WR,-0.07748093787168,23.0,False
1591,Cole Toner,500.0,7356.510863306908,170,T,-0.18026166892112253,22.0,False
1366,Ryan Russell,1000.0,6128.983112352827,163,DE,-0.08086647879973251,23.0,False
1024,Lamarcus Joyner,2888.8888888888887,3580.618098876197,41,DB,0.7600793999555284,23.0,False
93,Marcus Thomas,2800.0,9504.306159399624,121,DT,0.32348229523307886,21.0,False
2974,Jordan Stout,1600.0,4448.139423905148,130,P,-0.5572451009125795,24.0,False
425,Jacquizz Rodgers,4800.0,11519.682997224372,145,RB,1.7429272609470519,21.0,False
2191,Michael Deiter,3200.0,6789.74258018577,78,G,-1.125788514432309,23.0,False
14,Isaac Sopoaga,6333.333333333333,6814.18364416905,104,DT,1.4574880324061577,23.0,False
3657,Ashton Gillotte,500.0,7798.209559059455,66,DE,0.46556213452031764,22.0,False
362,Vincent Brown,1800.0,6084.228316382949,82,WR,-0.21571351377103384,22.0,False
120,Ray Rice,9000.000000000002,9228.01114376919,55,RB,0.6410931073446198,21.0,False
2256,Ryan Connelly,1000.0,6354.9423345052,143,LB,-0.6421786606949289,23.0,False
3127,Deonte Banks,800.0,3368.5853873576652,24,DB,-1.0288473169013181,22.0,False
2505,Nick Harris,1000.0,10659.05397361115,160,C,0.4385609783966803,21.0,False
1497,KeiVarae Russell,400.0,6997.763185078243,74,CB,0.6641720888156352,22.0,False
2933,Jalen Tolbert,1500.0,4652.0103189817455,88,WR,-0.7340714655795628,23.0,False
2942,Brian Robinson Jr.,3166.6666666666665,6113.2946814395145,98,RB,-0.38045856995249033,23.0,False
1755,Rayshawn Jenkins,6400.0,4165.990693071302,113,S,0.9584189648754219,23.0,True
2642,Aaron Banks,2600.0,6967.930855166921,48,OL,0.53741059206268,24.0,False
3687,Caleb Rogers,333.3333333333333,7353.709698946297,98,OL,0.19413142566613723,23.0,False
1239,Shaq Thompson,2866.666666666667,3849.7639449351473,25,OLB,0.17329531504910045,21.0,False
243,Montario Hardesty,571.4285714285714,6453.798021869006,59,RB,0.13768315313171034,23.0,False
1150,Keith Reaser,500.0,3490.3088157839998,170,DB,-0.9630386878974818,23.0,False
503,Markus White,0.0,4460.382787030181,224,DE,-0.30912946722252427,23.0,False
2797,Racey McMath,0.0,4174.700494415603,205,WR,0.20269099208034214,22.0,False
2406,Ezra Cleveland,4714.285714285715,7928.461174540016,58,T,-0.7133874404878968,22.0,False
912,Ricky Wagner,8200.0,6769.718693115048,168,T,-0.4132138738945681,23.0,True
2474,K'Von Wallace,1800.0,3872.3688480221795,127,S,0.6334281432088635,23.0,False
232,Torell Troup,285.7142857142857,8410.507576950216,41,DT,0.8169749456105433,21.0,False
17,Kevin Burnett,4000.0,4254.611514873762,42,LB,-1.5462303760108476,22.0,False
1547,Demarcus Robinson,5400.0,7073.921869094718,126,WR,-0.025809921261948945,21.0,False
214,Jason McCourty,11250.0,5790.033383612322,203,DB,0.07961702445051388,22.0,True
2117,Kyler Murray,1510.6382978723404,1673.9741825437447,1,QB,1.7263144110838702,22.0,False
3254,Olusegun Oluwatimi,1200.0,5185.779163783057,154,C,0.41336002432506724,24.0,False
952,Travis Bond,0.0,7388.555915668185,214,G,-0.18629073352487402,22.0,False
3330,Andre Jones,250.0,2526.8418340997446,233,DE,-1.0493075157514504,24.0,False
199,Kaluka Maiava,2600.0,7339.57558439254,104,LB,0.16000621907979928,22.0,False
2978,Spencer Burford,3400.0,7104.02846318366,134,OL,-0.6988060608350708,22.0,False
3780,Kobe King,250.0,5776.920790821202,201,LB,1.4087986302100945,22.0,False
627,Bobby Massie,9000.0,7456.604814406259,112,T,0.3372200425887537,23.0,True
2298,Juwann Winfree,250.0,2637.2749993957254,187,WR,0.5939189300159644,23.0,False
109,Curtis Lofton,4900.0,6966.788054952683,37,LB,1.5793467762204219,22.0,False
3007,Kyle Philips,600.0,2197.537806917871,163,WR,-0.3093042142686655,23.0,False
1011,Marcus Smith,266.6666666666667,3513.4113462495097,26,LB,0.89548957124931,22.0,False
1891,Kolton Miller,2210.5263157894738,4885.412494651914,15,T,-0.866991882768077,23.0,False
1344,Mark Glowinski,8200.0,7439.8127812454495,134,G,-0.35201338324370607,23.0,True
927,Justin Brown,200.0,5330.779483443985,186,WR,-0.4683002558607351,22.0,False
980,Michael Bowie,1000.0,7899.494537614395,242,T,0.5897906076659121,21.0,False
1829,Al-Quadin Muhammad,5000.0,5201.075817773648,196,DE,-1.12779510916091,22.0,False
1486,Kevin Byard,11000.0,5380.6247215442145,64,S,1.9917623303940286,23.0,True
1139,Caraun Reid,1800.0,7139.980851093196,158,DT,-0.46880952088425254,22.0,False
1082,Dri Archer,0.0,3970.1443596402246,97,WR,-0.34660690912531356,23.0,False
402,Chris Prosinski,2000.0,4795.074685131825,121,DB,0.7402303718415123,24.0,False
274,Cam Thomas,4000.0,7238.345425810427,146,DT,0.8289277887178507,23.0,False
2349,Caleb Wilson,0.0,2518.639187515129,254,TE,-0.8635186734064101,23.0,False
3056,John FitzPatrick,200.0,4464.09588491738,213,TE,-0.6060140936119836,22.0,False
396,Kendall Hunter,2400.0,6253.646623690663,115,RB,0.5447511095502585,22.0,False
3245,Jammie Robinson,200.0,7212.551538929268,145,DB,0.07961702445051388,22.0,False
465,Allen Bradford,250.0,2218.2388559122633,187,RB,1.5482182580721406,23.0,False
1920,Dante Pettis,1222.2222222222222,5619.783779927068,44,WR,-0.7667296175043599,22.0,False
1305,Matt Jones,1800.0,7138.80026019992,95,RB,0.24395450212187056,22.0,False
150,Kroy Biermann,6000.0,7832.491154509673,154,LB,0.6338767197571494,22.0,False
1304,Ty Montgomery,3400.0,6840.833213757994,94,WR,2.0240361590176263,22.0,False
1257,Hau'oli Kikaha,555.5555555555555,6540.3511206957455,44,OLB,-0.18053225771474382,23.0,False
182,William Moore,4285.714285714286,6692.308940430502,55,DB,2.1060298904474717,24.0,False
3224,Jon Gaines,800.0,4887.7114737400225,122,OL,0.4173657972914403,24.0,False
1184,Marquis Flowers,1750.0,5571.698363059071,212,LB,0.34316923229736224,22.0,False
457,Caleb Schlauderaff,250.0,7190.478020176817,179,G,-0.9174966142528925,23.0,False
187,Sen'Derrick Marks,4500.0,7787.797698098095,62,DT,0.3929551740088266,22.0,False
2112,Logan Cooke,4750.0,3812.5481623236824,247,P,-0.01085343304816351,23.0,True
304,Danny Watkins,562.5,2133.6600593239473,23,G,0.2362148399460671,26.0,False
2774,Cornell Powell,0.0,2896.3594960290898,181,WR,0.5678919577566064,23.0,False
788,Tank Carradine,700.0,6001.156333082216,40,DE,0.04172723646535781,23.0,False
1860,Elijah Lee,2000.0,3676.421424527402,232,LB,-1.0900640666005157,21.0,False
597,Michael Egnew,0.0,7413.029121005991,78,TE,0.5169846309132174,22.0,False
1409,Marcus Murphy,500.0,2062.3897439454618,230,RB,-0.9350380752237817,23.0,False
52,Stephen Tulloch,9800.0,9058.443186889841,116,LB,2.236975506226662,21.0,True
3407,Ben Sinnott,142.85714285714286,7122.482303009299,53,TE,-0.3441656219272799,22.0,False
3416,Roger Rosengarten,2833.333333333333,7081.897973603414,62,OL,-0.11501059051840416,22.0,False
26,Darren Sproles,12400.0,5007.880373076954,130,RB,0.23210927712084742,22.0,True
3719,Quincy Riley,600.0,3313.286175208393,131,CB,0.5501299184001471,24.0,False
1583,Christian Westerman,500.0,7696.673443438225,161,G,-0.12669973142160457,23.0,False
996,Sammy Watkins,1162.162162162162,2609.0692439978084,4,WR,0.682451623055665,21.0,False
523,Lee Ziemba,250.0,7583.366564409717,244,T,-0.037996915652907186,22.0,False
843,Zaviar Gooden,800.0,7065.498498381162,97,LB,-0.34011445562368103,23.0,False
259,Jimmy Graham,10166.666666666666,5905.914057583246,95,TE,-0.31761961593114996,23.0,True
417,Marcus Cannon,8600.0,6998.906520288554,138,T,1.0876539590720802,23.0,True
808,Montee Ball,1000.0,7250.190306553379,58,RB,0.3459858979425783,22.0,False
1047,Jimmy Garoppolo,6714.285714285715,7357.734186488292,62,QB,1.001927283666261,22.0,False
3565,Jarrett Kingston,0.0,3237.6805719815225,215,OL,-0.10351440316759877,24.0,False
2671,Josh Palmer,3000.0000000000005,8543.22655349438,77,WR,0.5939189300159644,21.0,False
885,Lavar Edwards,200.0,6506.850563210073,142,DE,0.10020335374667035,23.0,False
3027,Kevin Harris,200.0,6635.668911199039,183,RB,1.2413768010101889,21.0,False
2512,Jake Fromm,200.0,6639.237316025744,167,QB,-0.14189100853092415,22.0,False
1570,Quinton Jefferson,7250.0,5489.529634967008,147,DT,-1.2856745479930591,23.0,True
1485,Adam Gotsis,4666.666666666667,6604.110420312938,63,DT,-1.4779111240576872,23.0,False
2353,Andrew Thomas,804.8780487804879,1841.4662705410258,4,T,0.2047644693723948,21.0,False
854,David Bakhtiari,16800.0,9604.214141841185,109,T,0.45207177080400296,21.0,True
2621,Payton Turner,176.47058823529412,3940.887193574532,28,DE,-0.4799827645257157,22.0,False
3543,D.J. James,0.0,3133.9349528486487,192,CB,-1.2831683674303005,23.0,False
632,Joe Looney,4200.0,7374.509240824602,117,G,0.2362148399460671,22.0,False
2396,Darrell Taylor,1111.111111111111,6382.43888708929,48,DE,-0.8354145227543439,23.0,False
1636,Lac Edwards,2500.0,2505.0280498970665,235,P,-0.8814924457937208,24.0,False
1873,Pat O'Connor,1500.0,3685.8201978071143,250,DE,1.7960107549047613,23.0,False
2229,Amani Hooker,6000.0,6451.149811794973,116,S,1.155864369049312,21.0,False
2261,Hunter Renfrow,5500.0,4254.848955107466,149,WR,-0.1854397871814924,23.0,True
1469,Michael Thomas,7500.0,6962.355032843759,47,WR,-0.21667853788282992,23.0,True
1766,Julién Davenport,4000.0,8159.048555622263,130,T,-1.0078735332389464,22.0,False
1664,Jarrad Davis,1375.0,3083.1059273280134,21,LB,0.30422194442034234,22.0,False
1924,Uchenna Nwosu,3625.0,7777.121363825681,48,OLB,2.420165821657177,21.0,False
306,Cameron Jordan,4541.666666666667,3184.5271193637655,24,DE,1.0358212302476881,22.0,True
1865,Devante Mays,0.0,2071.970856616584,238,RB,1.6890722525439963,23.0,False
33,Deuce Lutui,3777.7777777777774,6049.895846504622,41,G,1.627177925288432,23.0,False
3084,Christian Holmes,600.0,2567.27490451723,240,CB,0.42707822391918426,24.0,False
1296,Tyler Kroft,1800.0,6726.799517076561,85,TE,-0.9421899048730689,22.0,False
2656,Josh Myers,4000.0,8601.878391278928,62,C,-0.9529680078663675,23.0,False
1029,Stephon Tuitt,4222.222222222222,7573.694532613892,46,DE,1.0744592959069377,21.0,False
2675,Hunter Long,285.7142857142857,5413.1365756844825,81,TE,-1.203248623626793,23.0,False
2788,Roy Lopez,4400.0,4230.587952942149,195,DL,1.1887740372137525,24.0,True
1342,Shaq Mason,10800.0,12023.520730263468,131,C,2.0846273944471387,22.0,False
3012,Braxton Jones,3600.0,5612.122812555524,168,OL,-1.0573967431355233,23.0,False
1561,Cardale Jones,0.0,5762.601989827941,139,QB,1.6766623953140334,23.0,False
1554,Rashard Robinson,2250.0,5455.55222442542,133,CB,-3.1061128801123066,21.0,False
2581,Chapelle Russell,500.0,3317.7531296578595,241,LB,-1.0004869854193978,23.0,False
2279,D'Andre Walker,0.0,7395.618224752376,168,LB,0.8806317193840693,22.0,False
3186,Riley Moss,2000.0,5062.841264665878,83,DB,-0.6660320512834524,23.0,False
1176,Luke Bowanko,2250.0,4745.983310224854,205,C,-2.4884159205926797,23.0,False
2392,Grant Delpit,2888.8888888888887,5981.4457656380355,44,S,-1.309514502630543,21.0,False
1885,Mike McGlinchey,1769.230769230769,3098.471151442489,9,T,-1.5803731246250379,24.0,False
586,DeVier Posey,333.3333333333333,6723.538482500311,68,WR,0.5939189300159644,22.0,False
2772,Simi Fehoko,200.0,4875.260856627596,179,WR,-0.1914408563358773,23.0,False
3558,Dylan Laube,0.0,3080.724797900341,208,RB,-0.10565897786436819,24.0,False
1935,P.J. Hall,1571.4285714285716,8083.021142674655,57,DT,1.0610653207712029,23.0,False
70,Paul Posluszny,5272.727272727272,5942.197692828192,34,LB,-0.8213328230571646,22.0,False
3099,Samori Toure,500.0,1712.3096911972837,258,WR,-0.6455387725398599,24.0,False
576,Lavonte David,13285.714285714286,7180.42425071971,58,LB,-0.15601834132538897,22.0,True
3354,Desjuan Johnson,750.0,3599.670770997617,259,DT,-1.453091246125788,24.0,False
542,Quinton Coples,944.4444444444443,4609.5268618542,16,DE,0.35275405356320394,22.0,False
3398,Jackson Powers-Johnson,666.6666666666666,6954.544835172124,44,OL,1.8106789938209167,21.0,False
450,Charles Clay,7250.0,7026.824613609939,174,TE,0.44563879993276706,22.0,True
3125,Zay Flowers,2062.5,3179.081000793697,22,WR,0.136416336683517,22.0,False
3221,Chamarri Conner,2800.0,4898.741687020958,119,DB,0.22498785855863032,23.0,False
1977,Jordan Akins,3200.0,3624.394166483798,98,TE,-0.3441656219272799,26.0,False
3686,Jaylin Smith,0.0,6189.836092219463,97,CB,-0.020080933677289765,21.0,False
1231,Marcus Peters,3705.882352941176,2673.1234754797706,18,CB,0.15848393847983056,22.0,True
606,Nick Foles,5333.333333333333,7212.163042197279,88,QB,0.2831491615873193,23.0,False
2651,Tutu Atwell,1750.0,5286.296487602902,57,WR,-1.6472914939727052,21.0,False
2432,Julian Blackmon,3333.333333333333,6561.449855809653,85,S,-0.26225167947238,22.0,False
710,Marvin McNutt,0.0,2607.0281303680654,194,WR,1.38717250634777,23.0,False
2351,Chase Young,659.090909090909,2060.111192779508,2,DE,-0.6505376770066252,21.0,False
3315,Dee Winters,3250.0,6694.054273103523,216,LB,0.48545125749419105,22.0,False
3811,Jacory Croskey-Merritt,1500.0,2202.339840153038,245,RB,-0.8017166055629512,24.0,False
2185,David Montgomery,9800.0,6711.06892834929,73,RB,1.1130451351767532,22.0,True
173,Darius Butler,2444.4444444444443,5292.122837533815,41,DB,0.33667851755198686,23.0,False
2350,Joe Burrow,1369.5652173913045,1009.3483291257673,1,QB,-1.4191811720821415,23.0,True
2794,Chris Evans,400.0,2690.863094495339,202,RB,-0.1924742335094076,23.0,False
2917,Abraham Lucas,3833.333333333333,8018.484074812823,72,OL,-0.2747439233710971,23.0,False
2393,Antoine Winfield Jr.,4888.888888888889,6548.440996455827,45,S,1.671892219424714,22.0,False
191,Michael Johnson,10800.0,6868.981933672892,70,DE,-0.5934427668194109,22.0,True
753,Travian Robertson,250.0,6249.6794543760925,249,DT,-0.6609056757830183,23.0,False
12,Keary Colbert,1750.0,6511.307182060993,62,WR,0.15125546481745453,22.0,False
2063,Kamrin Moore,0.0,6749.734121425737,189,CB,1.120340770477584,21.0,False
2418,Nnamdi Madubuike,6333.333333333333,7490.191192364031,71,DT,-0.2193596201821298,22.0,False
3632,Jonah Savaiinaea,600.0,6972.220936152765,37,OL,0.6099018345716856,21.0,False
1697,Dalvin Tomlinson,7142.857142857144,7750.548003443822,55,DT,1.2611183309502607,23.0,False
3181,Tucker Kraft,2500.0,6939.518376126702,78,TE,0.41579443946968936,22.0,False
2420,DaVon Hamilton,4166.666666666667,7881.653275541643,73,DT,0.8289277887178507,23.0,False
3397,Max Melton,444.4444444444444,4961.2049356011485,43,DB,-0.734868146061749,22.0,False
1706,Taylor Moton,7833.333333333333,8044.02923395196,64,G,0.1154473497608069,23.0,False
1355,Brett Hundley,1250.0,6958.70981508516,147,QB,0.43156356317134675,22.0,False
3713,Kyle Kennard,0.0,4838.993154292861,125,DE,-1.2771759950342076,23.0,False
2479,Colby Parkinson,2200.0,7733.13456796922,133,TE,-0.31761961593114996,21.0,False
266,Joe Hawley,6750.0,7580.01215441578,117,C,-0.22876510527420066,21.0,False
1060,Travis Swanson,3833.333333333333,5973.0772660903385,76,C,-1.475140456218905,23.0,False
1093,Ross Cockrell,4000.0,4199.273037612944,109,DB,-0.9630386878974818,23.0,False
2827,Jack Anderson,400.0,6123.318307444745,236,OL,0.3429543400830074,22.0,False
2680,Wyatt Davis,0.0,6876.204363013716,86,OL,0.0453085112492714,22.0,False
3696,Jack Kiser,200.0,5625.765485869271,107,LB,-0.91090990423828,24.0,False
1837,Jeremiah Ledbetter,1250.0,4029.142142364644,205,DE,2.2068925432472724,23.0,False
134,Thomas DeCoud,7400.0,5339.293157269503,98,DB,-1.4974626091484347,23.0,True
2766,Tedarrell Slaton,4600.0,6446.064361099447,173,DL,1.2584525483498161,23.0,False
2348,Jordan Brailford,333.3333333333333,4138.08951967225,253,DE,-0.6152636364136553,23.0,False
1580,Brandon Shell,7250.0,4003.7632121560396,158,T,0.8978115183007297,24.0,True
1685,Dalvin Cook,5200.0,5876.028243150914,41,RB,-0.10170955359122702,22.0,False
831,Logan Ryan,6833.333333333333,6979.328712880871,83,DB,0.07961702445051388,22.0,False
3189,Trenton Simpson,1833.3333333333333,7134.60402808652,86,LB,-0.5526015795138112,22.0,False
2062,Simeon Thomas,250.0,2891.5035337349686,188,CB,-1.554287718006384,24.0,False
3395,Kool-Aid McKinstry,1111.111111111111,5646.06868638191,41,DB,0.4868596097066453,21.0,False
1202,Shelby Harris,10250.0,5703.952782929892,235,DE,2.0169300234065544,23.0,True
2905,Cam Taylor-Britt,2142.857142857143,5560.9293146178525,60,CB,1.120340770477584,22.0,False
3346,Alex Austin,750.0,3352.728609931691,252,DB,-1.3785544466082678,22.0,False
874,Kyle Juszczyk,4200.0,6832.186970640227,130,RB,-0.0765287283406045,22.0,False
474,J.T. Thomas,3000.0,5212.114903695722,195,LB,-0.4321625127728258,23.0,False
3611,Walter Nolen,58.8235294117647,3370.687302947257,16,DT,-1.0453788279122747,21.0,False
3468,Jordan Jefferson,200.0,9474.524477659217,116,DT,0.7477994601412693,22.0,False
2214,Yodny Cajuste,800.0,7336.114068582193,101,T,-0.18026166892112253,23.0,False
1769,Jamaal Williams,8250.0,6855.979594739414,134,RB,0.053049367926631626,22.0,True
929,Cornelius Washington,1000.0,5408.861904817507,188,LB,2.1756532891465397,23.0,False
1390,JaCorey Shepherd,250.0,6127.772820685009,191,CB,1.0062986000620961,22.0,False
731,Alfonzo Dennard,2250.0,4859.935903099618,224,DB,1.1746009143993978,22.0,False
2058,Deon Cain,250.0,5152.675821186183,185,WR,-0.5944174475961911,22.0,False
2204,Trey Pipkins,6600.0,7997.1684897653795,91,T,-1.0135610070812255,23.0,False
2091,Jullian Taylor,250.0,4759.9528508824515,223,DT,-0.9911025539483366,23.0,False
3637,Mason Taylor,333.3333333333333,4840.422586726097,42,TE,-0.39372709207855333,21.0,False
51,Jason Avant,5800.0,5625.763582446818,109,WR,1.1139460332294895,23.0,True
1694,DeShone Kizer,857.1428571428572,7890.985450012016,52,QB,0.7496377226795548,21.0,False
2542,John Penisini,1500.0,6484.283903323355,197,DT,1.710948236786476,23.0,False
3229,Jake Haener,200.0,4005.484136161894,127,QB,-1.2265758911765345,24.0,False
333,Stephen Paea,2375.0,7606.300965027747,53,DT,0.09577558140062567,23.0,False
2582,Jonathan Garvin,750.0,6270.706477021858,242,DE,-0.7184622881917171,21.0,False
862,Sean Porter,0.0,7747.140197909893,118,LB,0.672414173016924,22.0,False
1163,Robert Herron,0.0,4529.910987558389,185,WR,1.1273651314925286,22.0,False
1991,Da'Shawn Hand,4000.0,6552.164966814272,114,DE,2.38703017173627,22.0,False
2216,Hakeem Butler,0.0,6361.618175159541,103,WR,0.06521644014301312,23.0,False
1216,Jameis Winston,1431.8181818181818,2045.184848026245,1,QB,0.31587394372721617,21.0,False
3366,Bo Nix,1388.8888888888887,2812.1592980967725,12,QB,0.0868726499085135,24.0,False
2712,Bobby Brown,2666.6666666666665,8515.544942099814,117,DL,1.2837261366427095,21.0,False
2143,L.J. Collier,1142.857142857143,3806.8745896093296,29,DE,2.75708645894388,23.0,False
186,Sean Smith,6333.333333333333,7721.887024817197,61,DB,0.2994375221365464,22.0,False
850,Jelani Jenkins,3000.0,6873.994744783321,104,LB,1.1062332571735494,21.0,False
2472,Anthony McFarland Jr.,200.0,6908.036392603808,124,RB,-0.592393063187535,22.0,False
3585,Solomon Byrd,0.0,2589.478088714554,238,DE,-0.7353553887396521,24.0,False
1283,Jaelen Strong,333.3333333333333,8543.78617430124,70,WR,0.9563920815773421,21.0,False
139,Dwight Lowery,7000.0,6697.990344255949,113,DB,1.8103980117890732,22.0,True
3164,Brenton Strange,1142.857142857143,7505.662880674887,61,TE,0.4867992604393261,22.0,False
2490,DeeJay Dallas,1400.0,7170.964881500306,144,RB,0.2564468076358159,21.0,False
2939,Zachary Carter,1666.6666666666667,6229.285552944314,95,DE,1.8544868721860739,23.0,False
3086,Kalon Barnes,0.0,1300.4031948400389,242,CB,-1.0613757049825885,23.0,False
2377,Isaiah Wilson,0.0,4570.4700722743,29,T,2.213304833797063,21.0,False
2944,Myjai Sanders,500.0,5708.30709330746,100,DE,-1.6189787139583431,24.0,False
3544,Joe Milton,500.0,3258.4359281386364,193,QB,1.254092048336682,24.0,False
3644,Elijah Arroyo,250.0,7060.17080818548,50,TE,-0.09015651774796307,22.0,False
145,Gary Barnidge,3500.0,6541.246743781903,141,TE,-1.1394143115360202,22.0,False
3313,Ameer Speed,0.0,5276.209931141995,214,CB,0.28534934139992224,23.0,False
2504,Bryce Hall,2000.0,5409.903102411812,158,CB,0.10344156728690675,22.0,False
423,Shiloh Keo,1600.0,4148.672499064507,144,DB,1.4031554265329418,23.0,False
1324,Arie Kouandjio,800.0,7884.308168334817,112,G,-0.5043047222745585,23.0,False
1438,Keanu Neal,1470.5882352941176,3404.60229202128,17,S,0.6521931172157095,21.0,False
1541,David Onyemata,9600.0,7920.06712071577,120,DT,-0.3725508116860746,23.0,True
2916,Velus Jones Jr.,500.0,4698.855624818512,71,WR,0.20385590744135262,25.0,False
694,Mark Asper,0.0,5409.017984068716,178,G,-0.7231466083291244,26.0,False
804,Vance McDonald,2000.0,6071.71111670961,55,TE,1.9409878045808864,23.0,False
254,Colt McCoy,3400.0,6565.810194876539,85,QB,0.1838686127990951,24.0,False
2013,Marquis Haynes,1750.0,4795.89333318155,136,OLB,-0.6375284484485959,24.0,False
2445,Malik Harrison,3800.0,7146.904067075346,98,LB,-0.06375755088860836,22.0,False
1970,Tre'Quan Smith,3000.0,6743.710490978068,91,WR,0.09483123203649113,22.0,False
1959,Michael Gallup,6000.0,6508.595568026069,81,WR,-0.46847338646045644,22.0,False
1542,Willie Beavers,0.0,8385.887118443712,121,T,0.8978115183007297,22.0,False
285,Joe Webb,1000.0,3657.2367440691273,199,WR,0.8704149912595899,23.0,False
1291,Eli Harold,2200.0,7813.102108678466,79,OLB,-0.4782021923476195,21.0,False
2733,Josh Ball,200.0,8263.409367496706,138,OL,-1.1964326809164738,23.0,False
1573,Joe Dahl,2750.0,7301.943635168116,151,G,-0.35201338324370607,23.0,False
917,Vinston Painter,0.0,7153.13343867141,173,G,0.2134698477654762,23.0,False
330,Marcus Gilchrist,4125.0,6670.08701656444,50,DB,1.1746009143993978,22.0,False
1974,Tarvarius Moore,1600.0,6290.086043966314,95,S,-1.0183879515904808,22.0,False
1384,Kaelin Clay,750.0,1910.5682751826896,184,WR,0.77739841936661,23.0,False
1074,Donte Moncrief,3600.0,7748.910834835457,90,WR,0.5256116568069166,21.0,False
3337,Jordon Riley,1000.0,3366.0310394984385,243,DL,0.463006569820196,25.0,False
2903,Troy Andersen,857.1428571428572,6686.0717980515365,58,LB,-0.7967053291313301,23.0,False
2086,Colby Gossett,1000.0,6482.546213431291,213,G,-0.8486114289608707,23.0,False
3399,Edgerrin Cooper,1250.0,6035.338585295159,45,LB,-1.0900640666005157,22.0,False
3353,Kendall Williamson,250.0,1641.4830900265215,258,S,-0.16064670206259254,23.0,False
479,Stephen Schilling,1250.0,7354.460544917785,201,G,-0.7797500876236074,23.0,False
3708,Barrett Carter,1000.0,7496.185323488895,119,LB,0.16000621907979928,22.0,False
2170,Mecole Hardman,3285.7142857142862,6733.123237261892,56,WR,0.00712785412812856,21.0,False
76,Drew Stanton,1250.0,7977.36458637912,43,QB,0.43156356317134675,23.0,False
3627,Josh Simmons,307.6923076923077,4863.734953414546,32,OL,-0.5499580455724589,22.0,False
419,Gabe Miller,0.0,6642.231067716726,140,LB,0.19785530060354958,23.0,False
2036,Ogbonnia Okoronkwo,3000.0,6233.376855955294,160,DE,-0.1418595802439827,23.0,False
1171,Walt Powell,250.0,3877.0515947937424,196,WR,-0.7972432309256001,22.0,False
2459,Joshua Kelley,1800.0,7045.634774486716,112,RB,-0.4535781072466415,22.0,False
1230,Arik Armstead,2647.058823529412,2695.4416085294833,17,DT,-2.372153107259783,21.0,False
942,Khalid Wooten,0.0,2189.6580659842016,202,DB,1.8103980117890732,23.0,False
3797,Kitan Crawford,250.0,2164.7344367575793,225,SAF,0.5571853296602545,23.0,False
2246,Jarrett Stidham,1500.0,7194.098813579401,133,QB,-0.793308235029356,23.0,False
518,Michael Person,5750.0,6148.114919229292,239,G,-0.7054404026244482,23.0,False
3387,Keon Coleman,1100.0,5526.624009922371,33,WR,-0.4364845134732937,21.0,False
2100,James Looney,0.0,3721.4301394341733,232,DE,1.4863420292912914,23.0,False
1174,Laurent Duvernay-Tardif,7250.0,6671.208748558873,200,OL,0.2474456220266407,23.0,True
531,Cheta Ozougwu,0.0,7147.240641643609,254,DE,-0.018500174321094506,22.0,False
124,Charles Godfrey,4500.0,7209.264585345581,67,DB,1.6067767191610087,22.0,False
321,Brooks Reed,3700.0,5610.058551883142,42,LB,0.5466724359264286,24.0,False
1064,Dexter McDougle,400.0,5849.149349769041,80,DB,0.12719791834013347,23.0,False
312,Ras-I Dowling,90.9090909090909,3477.591919487675,33,DB,-0.5117788390606293,23.0,False
1117,Brent Urban,4800.0,6849.892451549453,134,DT,-1.5270637464347336,23.0,False
1098,Aaron Colvin,3200.0,6239.016744936611,114,DB,-0.8640364756928036,22.0,False
3766,JJ Pegues,250.0,6102.512728328808,180,DT,1.204027828025842,23.0,False
1729,Davis Webb,200.0,6258.2457793401245,87,QB,-0.9644022732944066,22.0,False
3372,Amarius Mims,1066.6666666666667,4448.0246282118,18,OL,0.48247582234881964,21.0,False
2480,Jaylinn Hawkins,3400.0,5104.84059045858,134,S,-0.22766518500411978,23.0,False
1857,Adrian Colbert,2000.0,3547.852995727518,229,DB,-0.5602320246542041,23.0,False
2427,Lynn Bowden Jr.,500.0,6511.307182060993,80,WR,0.06272277177775398,22.0,False
1856,Joey Ivie,0.0,6440.622850310492,228,DT,-0.416756680333115,22.0,False
3794,Marcus Bryant,250.0,7313.082372577277,220,OL,-0.9847196554286035,23.0,False
30,Vince Young,423.0769230769231,1983.1240784658096,3,QB,-0.22490416608404265,23.0,False
2798,Landon Young,1800.0,4190.128597832318,206,T,-0.5689400340031326,24.0,False
206,Andre Brown,1750.0,7108.975019909838,129,RB,0.30695072354186775,22.0,False
1450,Robert Nkemdiche,428.5714285714286,3155.5222388380325,29,DT,-0.6635030055218473,21.0,False
1120,Dakota Dozier,2600.0,7316.6429648809335,137,OL,0.19413142566613723,23.0,False
3573,Brenden Rice,0.0,3979.979691317609,225,WR,-0.38442634986809926,22.0,False
63,Lawrence Vickers,750.0,6267.5865806841175,180,FB,0.31569528458690865,23.0,False
1133,Aaron Lynch,2800.0,8936.446774098553,150,DE,0.4888047194071585,21.0,False
1290,P.J. Williams,3800.0,6107.129110914286,78,CB,0.04758760725597453,22.0,False
3555,Nathaniel Watson,250.0,4501.622209801964,206,LB,0.4438743305079253,24.0,False
3589,Devin Culp,250.0,1417.1586870070732,246,TE,-1.1751305042938858,24.0,False
2434,Anfernee Jennings,3666.6666666666665,6924.447423406413,87,LB,0.6338767197571494,23.0,False
848,Josh Boyce,200.0,5457.959470249745,102,WR,1.1881469936934699,22.0,False
889,Steve Williams,800.0,6138.057801080009,145,DB,-0.39650357968949873,22.0,False
3638,Alfred Collins,222.2222222222222,7431.133472347973,43,DT,0.2730093751472477,23.0,False
195,Louis Vasquez,11800.0,9425.869774494227,78,G,0.8040607631334313,22.0,True
654,Adam Gettis,200.0,6727.443724170464,141,G,0.5991294113137388,23.0,False
3375,Chop Robinson,266.6666666666667,2119.4363313395042,21,DE,-0.4951718840876585,21.0,False
3584,Matt Lee,500.0,6622.450001778881,237,C,-0.2383258326193416,23.0,False
1965,Mark Andrews,10200.0,6856.429053457834,86,TE,-0.4949172835220814,23.0,True
1427,Ronnie Stanley,1939.3939393939395,2884.766894262414,6,T,-0.788430832136229,22.0,False
295,Cam Newton,2500.0,1794.383208590814,1,QB,1.1484494615923435,22.0,True
169,Louis Delmas,2083.333333333333,6441.225744922586,33,DB,1.4031554265329418,22.0,False
2546,James Proche,1000.0,2347.712515705533,201,WR,0.06505858772186833,23.0,False
1668,Jabrill Peppers,2133.333333333333,2410.679398772344,25,S,1.8872750852259383,21.0,False
1428,DeForest Buckner,2620.689655172414,4155.03247972888,7,DE,0.21834553653790517,22.0,False
1172,Demetri Goodson,500.0,2538.4402257030765,197,DB,0.2832383170785809,25.0,False
3260,Antonio Johnson,2000.0,4349.054123115808,160,DB,-1.2162934338001647,21.0,False
689,Alfred Morris,7200.0,3137.7042408877446,173,RB,0.9727595300899061,23.0,True
1990,Mark Walton,750.0,6733.340635721246,112,RB,-0.9971004566588398,21.0,False
2202,Bobby Okereke,7800.0,7216.5340779611315,89,LB,0.028077772972903068,23.0,True
2749,Michael Carter II,2200.0,4366.963133025244,154,S,-1.007576028047361,22.0,False
681,Darius Fleming,200.0,5180.457353663627,165,LB,0.7910546382029514,23.0,False
1869,Kyle Fuller,1750.0,7059.355126616767,243,C,-0.08268059394547364,23.0,False
2387,Robert Hunt,3000.0,8213.396656246097,39,G,-0.5889326396280627,24.0,False
3622,Malaki Starks,333.33333333333337,2826.3458501558707,27,SAF,-0.3973179047061866,21.0,False
197,Jared Cook,9600.0,7079.040971940027,89,TE,-0.4949172835220814,22.0,True
2482,Josiah Scott,600.0,6857.903476912564,137,CB,0.6504946934559948,21.0,False
2716,Jordan Smith,0.0,5568.04521160589,121,OLB,-1.196396960670426,23.0,False
3661,Isaac TeSlaa,333.3333333333333,5694.644073444539,70,WR,-0.5181657325190976,23.0,False
1634,Jalen Mills,7750.0,4307.114571664324,233,S,-0.4654616342919548,22.0,True
29,Matt Cassel,11750.0,3999.5530264625627,230,QB,-0.3347717247012949,23.0,True
1659,Marlon Humphrey,3444.444444444444,2941.7362193897006,16,CB,1.6001362443899645,21.0,True
3818,Fadil Diggs,0.0,3294.850500281747,254,DE,-0.8784061562893827,23.0,False
2211,Bobby Evans,1400.0,9078.974709687633,97,T,0.6101617967002796,22.0,False
3459,Cedric Gray,1200.0,6345.838350116752,106,LB,-0.5526015795138112,21.0,False
451,Byron Stingily,1000.0,7500.147358357267,175,T,0.4357801523485079,22.0,False
3019,Matthew Butler,400.0,7199.259746553706,175,DT,-0.2193596201821298,23.0,False
3427,Cooper Beebe,1666.6666666666667,6296.781685761159,73,OL,1.5335376554179514,23.0,False
2167,Lonnie Johnson Jr.,1571.4285714285716,7479.865487096969,54,CB,1.5131364929404227,23.0,False
825,Keenan Allen,13333.333333333334,7093.091232725988,76,WR,0.1809873169905767,21.0,True
3675,Nohl Williams,500.0,6186.999270663249,85,CB,-0.11231620380127923,22.0,False
1971,Chukwuma Okorafor,5200.0,8392.629516451912,92,T,-0.037996915652907186,21.0,False
2938,Tyrion Davis-Price,166.66666666666666,6849.794767054065,93,RB,-0.8744441685673856,21.0,False
2213,Will Grier,200.0,6466.082460110702,100,QB,0.1838686127990951,24.0,False
1666,Evan Engram,2312.5,2467.4257813329505,23,TE,-0.19431495480716815,23.0,False
1306,Xavier Cooper,800.0,7058.059241365876,96,DT,-0.8531422518476465,23.0,False
3240,Dorian Thompson-Robinson,400.0,3903.859464827425,140,QB,-1.5144729591675437,23.0,False
722,Scott Solomon,500.0,4508.469810449028,211,DE,-0.13489662710966807,23.0,False
1395,Leterrius Walton,1000.0,5041.864674238872,199,DT,-0.9911025539483366,23.0,False
2223,Khari Willis,3000.0,3368.0354329168135,109,S,1.6783005948897605,23.0,False
1136,Cyril Richardson,400.0,6687.224279164067,153,G,1.3549514938315335,23.0,False
1125,Ryan Grant,2000.0,3164.1683209371517,142,WR,-0.34219816803153047,23.0,False
80,Justin Durant,4500.0,5942.887308962154,48,LB,-0.4321625127728258,21.0,False
3685,Xavier Watts,1166.6666666666667,5872.72686973342,96,SAF,0.11685887998593042,23.0,False
301,Christian Ponder,1047.6190476190477,2740.956413276439,12,QB,1.5738364297648517,23.0,False
3499,Audric Estime,1000.0,7965.8617692575335,147,RB,0.8519412614395214,21.0,False
759,Dion Jordan,214.28571428571428,2662.0015356415106,3,DE,0.019659326327636072,23.0,False
2594,Trevor Lawrence,1040.0,1352.4260645304284,1,QB,-2.0847276672366575,21.0,False
1627,Kevon Seymour,1500.0,3058.13894154541,218,CB,-0.8395830425348765,22.0,False
1584,Trevor Davis,500.0,3497.2697937189564,163,WR,-1.3538003168574737,23.0,False
3552,Will Reichard,2000.0,3721.738273186081,203,K,-0.9901398026553436,23.0,False
1292,John Miller,6200.0,7926.521511097379,81,G,0.5991294113137388,22.0,False
2571,Sterling Hofrichter,250.0,6904.006624377885,228,P,0.39226669047927665,23.0,False
3145,Luke Musgrave,666.6666666666666,5119.72058076238,42,TE,-0.8435777015415947,23.0,False
852,Dion Sims,1600.0,6876.175907898402,106,TE,2.0448584148767166,22.0,False
910,Caleb Sturgis,1600.0,4065.6661775843836,166,K,0.5750226066503218,24.0,False
2326,Kerrith Whyte Jr,333.3333333333333,5134.311644348112,222,RB,-0.6389440954317946,22.0,False
3689,Upton Stout,333.3333333333333,5768.610177355297,100,CB,0.2882473203844939,23.0,False
1008,Brandin Cooks,4562.5,3201.2006269712238,20,WR,0.29597931609255884,20.0,True
1648,Corey Davis,815.7894736842105,2349.6822071348543,5,WR,-0.4683002558607351,22.0,False
1144,Ed Reynolds,800.0,6377.05100634864,162,DB,0.16237996680975408,22.0,False
1509,Nick Vigil,5400.0,6783.148570964169,87,ILB,-0.5301404845735842,23.0,False
1367,Lorenzo Doss,0.0,5850.900270969853,164,CB,-0.5902917857547239,21.0,False
3808,Konata Mumpfield,250.0,1678.757597361169,242,WR,-1.61939839597658,22.0,False
2114,Ryan Izzo,750.0,5029.516328284985,250,TE,0.01103367369556802,22.0,False
3710,Lathan Ransom,600.0,5391.047747717363,122,SAF,0.3961231659337083,23.0,False
3699,Arian Smith,200.0,4253.471011658147,110,WR,-1.707333356713737,23.0,False
3754,Oronde Gadsden II,1500.0,5419.311526340316,165,TE,-1.9115799637315045,22.0,False
260,Everson Griffen,13400.0,7768.660189302037,100,DE,0.645699763009312,22.0,True
2074,Boston Scott,2750.0,4121.164444125739,201,RB,1.541484863103559,23.0,False
3500,Tommy Eichenberg,500.0,5605.1848928476775,148,LB,-0.7317557418760468,23.0,False
820,Blidi Wreh-Wilson,1500.0,5190.458340115429,70,DB,-0.704395640737882,23.0,False
1183,Jay Prosch,0.0,6300.229656898855,211,FB,0.1744199691770139,22.0,False
485,Justin Rogers,1000.0,4506.501024106697,206,DB,-1.345732023945945,23.0,False
3158,Rashee Rice,2285.714285714286,5712.334511258574,55,WR,-0.025809921261948945,23.0,False
1224,Trae Waynes,782.6086956521739,1672.1558319763963,11,CB,-0.6177903800871645,23.0,False
3360,Malik Nabers,413.7931034482759,2315.191278745193,6,WR,0.20385590744135262,21.0,False
2972,Charlie Kolar,800.0,6415.964365433232,128,TE,0.33976873843609545,23.0,False
420,D.J. Williams,800.0,7087.85823530027,141,TE,1.0500071057467875,22.0,False
241,Sean Lee,7571.4285714285725,6356.501619558059,55,LB,0.34316923229736224,24.0,True
1539,Juston Burris,2800.0,3955.545130334744,118,CB,1.6001362443899645,23.0,False
3112,Jalen Carter,1000.0,2922.2658450227655,9,DL,0.9711360467787336,22.0,False
2218,C.J. Gardner-Johnson,6750.0,7843.128907106282,105,S,0.9468898787131316,21.0,False
2320,Dennis Daley,3500.0,5772.110603185045,212,T,0.3372200425887537,23.0,False
2702,Michael Carter,2666.6666666666665,6954.7014062224935,107,RB,0.16667534944763562,22.0,False
1081,Jerick McKinnon,6400.0,7760.7023403386465,96,RB,0.3551071873353067,22.0,False
2878,Lewis Cine,0.0,5180.437735533965,32,DB,-1.1225703753507414,22.0,False
3081,Chase Lucas,400.0,2709.5268738682703,237,DB,-1.0403000850038469,25.0,False
3654,Omarr Norman-Lott,166.66666666666666,7491.307517480875,63,DT,0.27413303019533464,23.0,False
177,Darcel McBath,375.0,5012.914266764467,48,DB,-0.704395640737882,23.0,False
847,Ace Sanders,600.0,7743.6887691421625,101,WR,0.7097273447027812,21.0,False
217,Captain Munnerlyn,8750.0,8198.853320441467,216,DB,1.2471997358023716,21.0,True
3656,Darius Alexander,333.3333333333333,5848.061950473684,65,DT,-0.3725508116860746,25.0,False
158,Pierre Garcon,13500.0,3851.6484374909082,205,WR,1.204955045808303,22.0,True
583,Trumaine Johnson,5000.0,6819.768377997079,65,DB,0.1895524429411774,22.0,False
1878,Saquon Barkley,1477.272727272727,1863.5234986048674,2,RB,0.7301196495672635,21.0,False
3326,Andrew Vorhees,2250.0,3821.773137385862,229,OL,-0.41603273889901105,24.0,False
153,Josh Morgan,5250.0,2977.189027771457,174,WR,1.4792458604129817,23.0,True
2746,Larry Borom,3400.0,7431.3845483613895,151,OL,0.53741059206268,22.0,False
1447,Paxton Lynch,133.33333333333334,3749.020385979118,26,QB,-0.24582617172673013,22.0,False
3560,Christian Mahogany,1500.0,7106.1288680382895,210,OL,1.9634969766959107,23.0,False
102,Tim Shaw,1500.0,5989.876850001713,164,LB,0.12012583012205033,23.0,False
1132,Kevin Pamphile,3200.0,7298.283464292531,149,T,0.2047644693723948,23.0,False
2135,Darnell Savage Jr.,1411.764705882353,2516.5944383521637,21,S,-0.09798257296776271,22.0,False
1596,Temarrick Hemingway,0.0,4311.176398867254,177,TE,-1.0008682407397338,23.0,False
242,Mike Neal,2428.571428571429,7064.211707185904,56,DE,-0.014804874783669557,23.0,False
2686,Monty Rice,1000.0,7441.607859986412,92,LB,0.4438743305079253,22.0,False
1788,Brian Hill,2250.0,6139.228687191873,156,RB,-0.8744441685673856,21.0,False
3261,Nick Hampton,600.0,5709.87272271158,161,OLB,0.21636098846242188,23.0,False
3274,Warren McClendon,1800.0,7175.580246378429,174,OL,0.5661887117083061,22.0,False
1417,Geoff Swaim,1500.0,3247.8482589392574,246,TE,1.213893532510108,21.0,False
2355,Justin Herbert,2176.470588235294,2612.1408987406458,6,QB,-0.4375090037069336,22.0,False
3162,O'Cyrus Torrence,3285.7142857142862,7063.353956584117,59,OL,2.132217927260879,23.0,False
1922,Breeland Speaks,333.3333333333333,6830.335488238938,46,DE,1.3662502769652962,22.0,False
1116,Nevin Lawson,4400.0,4326.947240476394,133,DB,0.7082084859924173,23.0,True
2438,Devin Asiasi,0.0,5800.053724421724,91,TE,1.9388642276592825,23.0,False
3571,Trey Taylor,250.0,3547.799807950167,223,FS,0.7071067811865493,23.0,False
44,Tony Scheffler,3428.571428571429,6065.99841962955,61,TE,0.01103367369556802,23.0,False
45,Tim Jennings,6142.857142857143,7943.571525353133,62,DB,0.7600793999555284,22.0,False
3154,Cam Smith,125.0,3670.825556916865,51,DB,-1.8600964508013984,22.0,False
340,Brandon Harris,428.5714285714286,5412.772517693322,60,DB,0.02245761873420807,21.0,False
1722,Tim Williams,400.0,7160.882335670578,78,OLB,-0.3789788808033267,23.0,False
3103,Brock Purdy,11000.0,5158.527315325641,262,QB,1.1241649487828482,22.0,True
269,Al Woods,8500.0,9454.48934593723,123,DT,-0.8038267126008434,23.0,False
3010,Tycen Anderson,400.0,3596.515578234878,166,S,-1.068114969987701,23.0,False
3742,Jalen Rivers,750.0,6918.87229615652,153,OL,0.10246313700862536,22.0,False
2041,Wyatt Teller,9750.0,7163.110072550393,166,G,0.0014136361370318136,23.0,True
2265,Jordan Scarlett,0.0,3719.673738837238,154,RB,-0.6276473564047952,23.0,False
3659,Darien Porter,666.6666666666666,4587.339902982646,68,CB,-1.216419954772554,24.0,False
1759,Mack Hollins,4200.0,4814.97828523976,118,WR,0.053602800801536746,23.0,False
58,Rob Sims,9200.0,7711.943560895095,128,G,0.3813806684931333,22.0,True
2738,Tyree Gillespie,200.0,5205.016119836293,143,S,0.2457732075765598,23.0,False
3078,Jonathan Ford,200.0,9982.592239492218,234,DT,0.9284748198634782,22.0,False
1135,Nat Berhe,600.0,3929.6598549951027,152,DB,0.07961702445051388,23.0,False
1247,Malcom Brown,3307.692307692308,5146.420007338242,32,DT,1.4574880324061577,21.0,False
1372,David Mayo,4500.0,6548.388989842979,169,LB,-0.10471617360822444,22.0,False
2203,Connor McGovern,7400.0,7385.880411529357,90,G,-0.9244675613807166,21.0,True
2231,Hjalte Froholdt,6000.0,7963.035316549658,118,G,-0.917472770298134,23.0,False
2867,Trent McDuffie,1941.1764705882351,2261.9907875182034,21,CB,0.3220455775691741,21.0,False
3314,Zach Evans,0.0,4752.082316854443,215,RB,-0.5406127318257195,22.0,False
2808,Quincy Roche,400.0,2738.4739055957693,216,DL,-1.3429456973097709,23.0,False
2123,Josh Hines-Allen,1500.0,2684.8730613713324,7,LB,-0.5062946552736153,22.0,False
316,Jabaal Sheard,4272.727272727272,6930.727858497623,37,DE,0.34547038219431914,22.0,False
2212,Quincy Williams,8200.0,5446.991091997131,98,S,3.2456092724111034,23.0,True
1670,Tre'Davious White,3533.333333333333,2806.573545558772,27,CB,0.20800340715368618,22.0,True
1833,Adam Bisnowaty,0.0,5872.73749025521,200,T,-0.18026166892112253,23.0,False
1491,Yannick Ngakoue,8333.333333333334,8505.0521385177,69,DE,-0.573617500974088,21.0,False
444,Pernell McPhee,5800.0,7031.2075972372795,165,DE,0.4055162583573184,22.0,False
2317,Kelvin Harmon,750.0,4081.739268909318,206,WR,0.5256116568069166,22.0,False
3457,Dadrion Taylor-Demerson,600.0,5058.729607623834,104,DB,0.8603800155816191,23.0,False
946,Mike Catapano,600.0,4625.4006807963815,207,DE,0.04172723646535781,23.0,False
1581,K.J. Dillon,0.0,5919.36672763113,159,S,-0.5241862224740065,22.0,False
1025,Jordan Matthews,2555.555555555555,5514.969471032305,42,WR,-0.21667853788282992,22.0,False
1309,Steven Nelson,7200.0,6386.548217370108,98,CB,0.4360877479846592,22.0,True
1890,Marcus Davenport,1157.8947368421052,3904.0060624582675,14,DE,0.07517511420023071,22.0,False
2289,Gardner Minshew II,8000.0,5050.430925446042,178,QB,1.7118501587726924,23.0,True
3613,Grey Zabel,411.7647058823529,3165.3454124976843,18,OT,0.16728436403728636,23.0,False
697,Trent Robinson,1200.0,5315.696786280926,180,DB,1.2471997358023716,22.0,False
376,Alex Green,1000.0,5995.59918904131,96,RB,-0.28548577289368543,23.0,False
1967,Oren Burks,3200.0,6087.92071311258,88,ILB,-1.7300907629087403,23.0,False
959,Jordan Poyer,11400.0,3894.953949727667,218,DB,-0.8640364756928036,22.0,True
2107,Hunter Bradley,750.0,3645.182983791658,239,LS,0.008915692606165551,24.0,False
1589,Spencer Drango,2000.0,6157.500971523772,168,G,-1.125788514432309,23.0,False
2994,Thomas Booker,1800.0,6452.7372750596705,150,DE,2.3269842955732707,22.0,False
2021,Justin Watson,2750.0,6600.078439873425,144,WR,0.5256116568069166,22.0,False
2747,Caden Sterns,600.0,5066.1020883535875,152,DB,0.16237996680975408,21.0,False
3333,Kenny McIntosh,250.0,1769.8872721377134,237,RB,-1.047189839739396,23.0,False
1111,Tre Boston,5600.0,6657.207874013018,128,DB,-0.03023683486749865,22.0,False
2080,Cedrick Wilson Jr.,2750.0,2928.8703086284554,208,WR,-1.0251978723666164,22.0,False
3702,CJ West,200.0,7887.301841487657,113,DT,1.1896734858074174,23.0,False
3093,Isiah Pacheco,5250.0,2958.402196174103,251,RB,0.43552498824933844,23.0,True
2955,Max Mitchell,1400.0,7773.171429033799,111,T,-1.0135610070812255,22.0,False
559,Cordy Glenn,3800.0,8183.463553953702,41,G,0.8874210160836183,22.0,False
1530,B.J. Goodson,4000.0,5912.4010444767955,109,OLB,0.7563264669357661,23.0,False
2696,Ifeatu Melifonwu,1333.3333333333333,6582.919630003453,101,DB,-0.6129668655417456,22.0,False
2401,Jalen Hurts,9875.0,8060.235845811277,53,QB,1.476776074776754,22.0,True
1744,Nazair Jones,600.0,5507.951258466299,102,DT,-1.599749038327693,22.0,False
354,Ryan Mallett,666.6666666666666,6756.413974325118,74,QB,1.0038073268815721,23.0,False
733,David Molk,750.0,6299.827089937329,226,C,0.14807866968189504,23.0,False
3376,Quinyon Mitchell,1266.6666666666667,1675.5128970668777,22,CB,-0.2851013864155935,23.0,False
1369,Joe Cardona,2000.0,5567.144050933616,166,LS,0.8727956568059738,23.0,False
3116,Lukas Van Ness,210.5263157894737,2373.0761130583205,13,DL,-0.9051605132507502,22.0,False
2127,Rashan Gary,1714.2857142857142,3766.3942852773716,12,LB,1.3138318625289767,21.0,False
1429,Jack Conklin,2115.3846153846152,3159.126055345567,8,T,-0.9385176154328934,22.0,False
2768,Jason Pinnock,3200.0,6332.136762480439,175,CB,0.49117293215140145,22.0,False
1638,Daniel Lasco,0.0,1669.100771784527,237,RB,-2.0270772320021413,23.0,False
181,Phil Loadholt,5142.857142857143,9956.858082021909,54,T,0.5597706009458402,23.0,False
984,Sean Renfree,0.0,4163.342262259087,249,QB,-0.9644022732944066,23.0,False
863,Phillip Thomas,400.0,5124.908613060889,119,DB,2.304034314856825,24.0,False
1505,Jordan Jenkins,5800.0,7474.63014601356,83,OLB,1.208594103905336,22.0,False
1960,Tracy Walker,2600.0,5804.541443127566,82,S,-0.42534587665071005,23.0,False
797,Johnathan Hankins,6250.0,8326.212470308385,49,DT,1.2611183309502607,21.0,False
2969,Erik Ezukanma,0.0,6615.715913763161,125,WR,0.09483123203649113,22.0,False
176,Mike Mitchell,4125.0,7732.33819967505,47,DB,1.5106975785505232,22.0,False
3030,Christian Benford,3800.0,5001.0585774926985,185,DB,-0.03023683486749865,21.0,False
339,Greg Little,1714.2857142857144,6835.372948615664,59,WR,0.9563920815773421,22.0,False
3599,Will Campbell,205.12820512820517,2065.6705557087944,4,OT,0.5754727419768962,21.0,False
442,Daniel Kilgore,5200.0,4211.813745301614,163,G,-1.1428605312510844,23.0,True
1619,Jeff Driskel,1750.0,3766.2331351024936,207,QB,0.31587394372721617,23.0,False
3205,Mekhi Blackmon,1000.0,6950.241307824789,102,CB,-1.3885869786631366,24.0,False
778,Alec Ogletree,3714.285714285714,3844.7591496116265,30,LB,0.19785530060354958,21.0,False
2645,Samuel Cosmi,2888.8888888888887,7838.421980746271,51,OL,-1.193121224302538,22.0,False
504,Anthony Allen,250.0,3008.7280941605636,225,RB,-0.5451204361574554,23.0,False
3216,Clark Phillips,800.0,6790.343674257344,113,CB,0.6504946934559948,21.0,False
600,Mike Martin,1000.0,8903.576499778235,82,DT,0.25204671060159795,22.0,False
3102,AJ Arcuri,250.0,1027.2816830738684,261,OT,-1.9754484532151113,25.0,False
2870,Tyler Smith,2062.5,2043.546697076111,24,OL,1.0448492896257402,21.0,True
1747,James Conner,9800.0,7281.042338667792,105,RB,0.2781888948673701,22.0,True
1859,Jylan Ware,0.0,6108.802170672987,231,T,-0.8615623668270084,23.0,False
2269,Michael Jackson,4500.0,5832.592543155315,158,CB,0.9664726516396506,22.0,False
332,Marvin Austin,250.0,9198.762645359047,52,DT,0.5450312966370175,22.0,False
2913,Martin Emerson,1857.142857142857,6505.3427650135945,68,CB,-0.691505253289287,21.0,False
594,Russell Wilson,23333.33333333333,6090.15216337921,75,QB,0.861950790022848,23.0,True
1416,Trent Brown,10500.0,10134.962461072782,244,G,1.9770706744753643,22.0,True
2037,Jermaine Carter Jr.,3750.0,5051.7736773660245,161,LB,-0.8924027985185571,23.0,False
3618,Matthew Golden,250.0,2459.394565795398,23,WR,-0.12212281327339979,22.0,False
2559,Markus Bailey,1750.0,4540.474727915341,215,LB,0.028077772972903068,23.0,False
61,Chris Kuper,8750.0,6873.45869786981,161,G,-0.8468112103767417,23.0,True
2489,Ben Bredeson,4200.0,8157.041220638372,143,G,-0.5731660636118218,22.0,False
740,Jeremy Ebert,0.0,1267.9005638016633,235,WR,-0.25118915545271703,23.0,False
257,NaVorro Bowman,14200.0,7928.491041034584,91,LB,1.2954786647922985,22.0,True
2609,Zaven Collins,1200.0,3177.6676849851838,16,LB,1.3264079696385755,22.0,False
839,Stedman Bailey,1166.6666666666667,6993.69621828737,92,WR,0.6811145987118008,22.0,False
2535,Charlie Woerner,0.0,6566.752092606215,190,TE,-0.4949172835220814,22.0,False
1179,Eric Pinkins,500.0,4307.148064560353,208,DB,1.2118419098148383,23.0,False
224,Rashad Jennings,7750.0,4111.002018822741,250,RB,0.11352702866240497,24.0,True
3170,Drew Sanders,333.3333333333333,4748.09225874621,67,LB,-2.2436881495397274,22.0,False
3636,T.J. Sanders,200.0,6943.408643749427,41,DT,-0.9973196838961182,22.0,False
88,Michael Bush,5000.0,6753.569248173466,100,RB,1.2661600920971607,23.0,False
1195,Jabari Price,250.0,5919.094075937212,225,DB,0.5886702560206788,21.0,False
2737,Royce Newman,2800.0,5755.908124858503,142,G,-0.917472770298134,24.0,False
716,Terrance Ganaway,0.0,2567.5006593123276,202,RB,1.4071899312078953,23.0,False
1422,Jared Goff,2355.555555555556,1155.033937429038,1,QB,-1.2022992826059722,21.0,True
3122,Calijah Kancey,812.5,4004.5688332087575,19,DL,0.6297065140861254,22.0,False
448,Brandon Fusco,8750.0,7050.92237485753,172,C,-0.5956619875457257,23.0,True
3294,A.T. Perry,500.0,3932.75632886473,195,WR,-1.685398480853536,23.0,False
3445,Jalen McMillan,1166.6666666666667,5414.624622501582,92,WR,-0.9996695446986669,22.0,False
2255,Ben Burr-Kirven,500.0,6988.916697736879,142,LB,0.16000621907979928,21.0,False
1727,Chris Godwin,10600.0,8055.549692748162,84,WR,0.5053862369762615,21.0,True
2662,Jalen Mayfield,1000.0,7658.458171244849,68,OL,0.17495437951763085,21.0,False
2564,K.J. Hill,250.0,3564.3343613507836,220,WR,-0.25118915545271703,22.0,False
1635,Vadal Alexander,1500.0,7378.587533564698,234,G,0.1154473497608069,22.0,False
3386,Xavier Legette,666.6666666666666,5016.802155370516,32,WR,1.041430052006691,23.0,False
289,Phillip Adams,2250.0,4843.01722325426,224,DB,0.07961702445051388,22.0,False
278,Arthur Moats,5500.0,6453.366663894183,178,LB,1.6739694800297964,22.0,False
883,Oday Aboushi,4200.0,7845.082128874671,141,T,0.2047644693723948,22.0,False
3038,Jordan Jackson,200.0,4057.758993125713,194,DT,-1.506111117653945,24.0,False
3005,D'Marco Jackson,1200.0,4370.263465865238,161,LB,-0.15601834132538897,24.0,False
919,Dustin Hopkins,4400.0,6314.567305617507,177,K,-0.08755346203529232,22.0,False
435,Richard Sherman,19400.0,6392.12592386532,154,DB,-1.069169059380893,23.0,True
2887,Andrew Booth,300.0,5233.983670905068,42,CB,-0.17420505519173748,21.0,False
2334,Dontavius Russell,0.0,6035.262664087239,235,DT,0.5208793553840668,23.0,False
536,Mark Barron,1933.3333333333333,3700.8759739264824,7,DB,1.782844436581369,22.0,False
1932,Donte Jackson,4857.142857142858,7771.685670041292,55,CB,-0.5698107429045965,22.0,False
964,Kevin Dorsey,0.0,2508.0459256059717,224,WR,0.328320850896858,23.0,False
2047,JK Scott,3250.0,5321.467947389261,172,P,-1.2494906841101259,22.0,False
3276,Evan Hull,0.0,5832.453902022706,176,RB,-0.1912486438979894,22.0,False
581,Rueben Randle,3000.0000000000005,6963.285749490966,63,WR,-0.5082613626421055,21.0,False
590,Josh LeRibeus,1833.3333333333333,7236.864096953778,71,G,1.221240273517594,23.0,False
1170,Brandon Dixon,750.0,2446.039006122451,195,DB,0.8941021949627768,24.0,False
635,James-Michael Johnson,2200.0,6278.052650484239,120,LB,0.48831805871863193,23.0,False
456,Aldrick Robinson,3000.0,5290.8661300815875,178,WR,0.00712785412812856,22.0,False
3352,Alex Forsyth,1000.0,3733.6601491015194,257,OL,0.19413142566613723,24.0,False
221,Julian Edelman,15250.0,1632.138054737418,232,WR,1.0662498813310428,23.0,True
2626,Joe Tryon-Shoyinka,1533.3333333333337,6627.8986076267765,32,OLB,-0.2082960414644445,22.0,False
3190,Ji'Ayir Brown,1833.3333333333333,5710.163677841823,87,S,0.31996640770459556,23.0,False
2952,Perrion Winfrey,200.0,7722.664745640177,108,DT,-1.3337336920092182,22.0,False
3647,Benjamin Morrison,285.7142857142857,6305.400034376051,53,CB,-0.6177903800871645,21.0,False
2064,DeShon Elliott,6250.0,6498.975176130512,190,S,-0.029984493357529514,21.0,False
3244,Atonio Mafi,600.0,7879.032353821413,144,OL,2.1163149595709005,22.0,False
1879,Sam Darnold,1139.5348837209303,2460.806855440381,3,QB,0.3202115815167391,21.0,False
2964,Brandon Smith,200.0,5937.254300295446,120,LB,-0.5869832538729293,21.0,False
2601,Jaycee Horn,758.6206896551724,1889.7129890973397,8,DB,-0.5117788390606293,21.0,False
2796,Shi Smith,800.0,5091.666579767258,204,WR,0.29597931609255884,22.0,False
2413,Logan Wilson,5333.333333333333,6233.60161955806,65,LB,0.34316923229736224,24.0,False
2315,Travis Homer,2000.0,6468.375500724391,204,RB,-0.012170463284466845,21.0,False
1976,Mason Cole,5000.0,7016.23784754416,97,C,-1.9973129045714422,22.0,False
3187,De'Von Achane,5166.666666666667,5572.139430981252,84,RB,-1.3036510073835201,21.0,False
3730,Rylie Mills,0.0,5682.427456675832,142,DL,-0.14153237386231526,24.0,False
1066,Will Sutton,1600.0,11070.01875768985,82,DT,0.6326862839852088,22.0,False
611,Brandon Thompson,1400.0,7159.239536227486,93,DT,0.19018701050457204,22.0,False
2208,Jamel Dean,5400.0,6617.93428986057,94,CB,0.5349571094632787,22.0,False
0,Randy Moss,5636.363636363636,3286.8672061406214,21,WR,-0.8448906087023179,21.0,True
2386,Yetur Gross-Matos,1800.0,6526.31642725871,38,DE,-0.6505376770066252,22.0,False
3763,Tyler Baron,0.0,5353.767324796105,176,DE,-0.6599861709104029,23.0,False
762,Jonathan Cooper,533.3333333333334,3630.594500558259,7,G,0.6993351877761038,23.0,False
2647,Dillon Radunz,1555.5555555555554,5559.051796695821,53,T,-1.4638213569712186,23.0,False
1620,Kamu Grugier-Hill,6000.0,4615.2543569613335,208,OLB,-1.1471441601328904,22.0,True
250,Donald Butler,5800.0,7493.854918989816,79,LB,0.672414173016924,21.0,False
3011,DaRon Bland,4200.0,4897.7281503182985,167,DB,-0.27002320246475014,23.0,False
3080,Deane Leonard,600.0,3881.6467584118795,236,DB,-0.4680276268741013,22.0,False
2313,Isaiah Prince,1000.0,5275.583051893596,202,T,-1.7394293652986403,22.0,False
1699,Zach Cunningham,5142.857142857143,5610.25974326542,57,LB,-1.5462303760108476,22.0,False
2192,David Long,1400.0,7713.762049549342,79,CB,0.6641720888156352,21.0,False
1069,Khyri Thornton,600.0,6813.350041604024,85,DT,0.27413303019533464,24.0,False
178,Max Unger,8625.0,5948.943192206333,49,C,-1.3881117148268145,23.0,True
284,Trindon Holliday,1000.0,2594.5489966049668,197,WR,0.5386829113526141,24.0,False
2016,Maurice Hurst Jr.,2750.0,6986.997661736117,140,DT,-0.5195015617603161,23.0,False
2338,Cortez Broughton,333.3333333333333,7081.107401798992,242,DT,-0.4181174800081889,23.0,False
1397,A.J. Derby,750.0,4012.5841965609393,202,TE,-1.5068191979573833,23.0,False
1500,Joe Thuney,16800.0,6788.7535908117825,78,G,-1.537224842333495,23.0,True
2448,Dalton Keene,0.0,6525.978423743403,101,TE,0.2790580398476746,21.0,False
1988,Nick Nelson,250.0,5528.805936799957,110,CB,1.690551622555021,21.0,False
426,Rod Issac,0.0,6605.280216990329,147,DB,0.18142767076454738,22.0,False
1180,Quincy Enunwa,3250.0,4006.067156107077,209,WR,1.38717250634777,22.0,False
220,Jamarca Sanford,3750.0,1765.8037890404005,231,DB,1.1746009143993978,24.0,True
2761,Nate Hobbs,2800.0,5691.291606253892,167,CB,-0.6517106315217456,22.0,False
1199,Ulrick John,500.0,6181.869565320163,232,OL,-0.4049755605544392,22.0,False
3487,Jacob Cowing,250.0,4112.65832880408,135,WR,-1.1518170965681982,23.0,False
1412,Mark Nzeocha,1250.0,2172.971798408946,236,OLB,-1.2719886847019508,25.0,False
938,Chris Jones,2800.0,8922.934545422391,198,DT,-0.008405171400019703,23.0,False
2277,Joe Jackson,250.0,7387.099655259692,165,DE,0.509536174715865,22.0,False
1741,Rasul Douglas,6200.0,7064.686223629684,99,CB,0.2533412093805878,22.0,False
1526,Tavon Young,2800.0,5324.067000690625,104,CB,0.7712438178131636,22.0,False
464,D.J. Smith,1250.0,6855.771249470874,186,LB,1.1062332571735494,22.0,False
1455,Jaylon Smith,3700.0,6349.419884562293,34,OLB,-0.12791273676430143,21.0,False
384,Luke Stocker,1000.0,5990.0914083896405,104,TE,-0.19134670919149113,23.0,False
3050,Matt Henningsen,400.0,3320.461314033307,206,DE,1.726525533943285,23.0,False
1039,Jeremy Hill,3000.0000000000005,7619.7796541467,55,RB,0.031196095559923524,21.0,False
2650,D'Wayne Eskridge,375.0,4494.075265413413,56,WR,0.8300804930498249,24.0,False
445,Ryan Whalen,0.0,5616.519928321895,167,WR,-0.29140800038105297,22.0,False
2706,Cameron Sample,1166.6666666666667,8759.856378580665,111,DE,0.5856538868463161,21.0,False
379,K.J. Wright,12800.0,6841.420241573094,99,LB,-0.7117807971805351,22.0,True
3148,Brian Branch,1666.6666666666663,5037.252111773297,45,DB,0.3239900707633059,21.0,False
2319,Scott Miller,2750.0,4337.115892312044,208,WR,-0.7554375786445942,22.0,False
776,Sylvester Williams,1933.3333333333333,3285.0475749787456,28,DT,1.3561039506540302,24.0,False
1405,Hayes Pullard,2250.0,3980.642690936798,219,ILB,0.380464258173414,23.0,False
683,George Iloka,5800.0,7361.572665810751,167,DB,0.21895448274560173,22.0,False
1651,Christian McCaffrey,3307.692307692308,2420.4477265499427,8,RB,-0.6276473564047952,21.0,True
2807,Brady Breeze,0.0,2105.0134614935528,215,S,0.042563252756982306,23.0,False
3435,Tip Reiman,0.0,6692.514184661749,82,TE,1.6300767367920475,22.0,False
1482,Cyrus Jones,666.6666666666666,5847.4474277428,60,CB,1.7766650981748773,22.0,False
3690,Sai'vion Jones,166.66666666666666,8395.121876232108,101,DE,0.7166731986899143,22.0,False
1346,Grady Jarrett,14250.0,5890.504037728585,137,NT,-0.7148207055270568,22.0,True
3436,Blake Corum,1333.3333333333333,5539.114476705097,83,RB,1.020627313662204,23.0,False
249,Brandon LaFell,8600.0,5178.596898348091,78,WR,-0.38442634986809926,23.0,True
1502,Adolphus Washington,1800.0,8177.467256175034,80,DT,-1.0934379719284308,21.0,False
535,Morris Claiborne,735.2941176470588,2242.3220148485098,6,DB,-0.22581491449158406,22.0,False
1646,Solomon Thomas,500.0,2163.664814139179,3,DE,1.3662502769652962,21.0,False
745,David Paulson,250.0,3292.2195155879904,240,TE,-0.24029501163145567,23.0,False
2403,J.K. Dobbins,3142.857142857143,7125.049899240432,55,RB,0.07736862702229333,21.0,False
3301,Christian Braswell,250.0,1900.542592397239,202,DB,-0.9384894386898134,23.0,False
1569,Matt Judon,15750.0,5523.988393172672,146,DE,0.1653327537053248,24.0,True
2995,Tyler Allgeier,4000.0,6664.515114530082,151,RB,0.6778720122813654,22.0,False
3776,Luke Newman,250.0,6686.4146881318175,195,G,-0.4933841909960037,23.0,False
2711,Elerson Smith,166.66666666666666,5491.14661369052,116,DL,-1.6527699081800376,23.0,False
2624,Odafe Oweh,1000.0,4261.638398551687,31,DE,-0.6505376770066252,22.0,False
2336,Terry Godwin,0.0,3445.455651140305,237,WR,-0.6836670162591993,22.0,False
2871,Tyler Linderbaum,2125.0,3072.4168623478163,25,OL,0.9166128640989382,22.0,False
3588,Jowon Briggs,1250.0,7534.346833799757,243,DE,4.09146994459202,23.0,False
575,Brock Osweiler,2000.0,6850.86861899943,57,QB,-0.6472713867930177,21.0,False
3390,Jer'Zhan Newton,700.0,6396.416320951249,36,DL,0.6031247566152421,22.0,False
3130,Anton Harrison,1533.3333333333337,2283.7685858870673,27,OL,-0.187501833027414,21.0,False
1736,Cameron Sutton,4200.0,6098.515471760041,94,CB,-0.24816527450826278,22.0,False
904,Tavarres King,400.0,2838.2274371901335,161,WR,-0.9996695446986669,23.0,False
1684,Curtis Samuel,3000.0,5816.186683599127,40,WR,0.25223998871713404,21.0,False
645,Christian Thompson,0.0,6668.976775468731,130,DB,1.116007768400713,22.0,False
2446,Matt Peart,1400.0,7200.293695550305,99,T,-0.7884067836210418,23.0,False
1548,Deiondre' Hall,400.0,7072.3165811424915,127,CB,-0.061607611509369505,22.0,False
1908,Lamar Jackson,8461.538461538461,6930.721298997605,32,QB,-1.285709300728106,21.0,True
511,Lawrence Guy,15750.0,9459.870027331866,233,DT,-0.13225509160529014,21.0,True
3255,Darrell Luter,400.0,3367.8683931706096,155,CB,-0.6177903800871645,23.0,False
3374,Troy Fautanu,600.0,3029.098173666782,20,OL,0.5661887117083061,23.0,False
2775,Adetokunbo Ogundeji,2000.0,5391.027230960579,182,DL,-1.3617872687788368,22.0,False
261,Mike Williams,5000.0,6254.879548943238,101,WR,0.2671434019446623,23.0,False
2076,Trenton Cannon,500.0,3229.314729501961,204,RB,-2.803512970881731,24.0,False
2824,Jake Funk,0.0,2882.4354508137026,233,RB,-0.5494050051250323,23.0,False
2331,Quinton Bell,1333.3333333333333,4153.416702709734,230,DE,-0.6599861709104029,23.0,False
1633,Riley Dixon,4500.0,4532.791315892187,228,P,-0.18797567468319668,23.0,False
2769,K.J. Britt,2000.0,6855.771249470874,176,LB,1.1062332571735494,22.0,False
3247,Josh Whyle,600.0,4112.7417821332165,147,TE,-1.9518549894558623,23.0,False
212,Brandon Gibson,4250.0,5162.537155907377,194,WR,1.1139460332294895,22.0,False
3465,Devontez Walker,200.0,3964.369113058289,113,WR,-0.46847338646045644,23.0,False
2179,Diontae Johnson,5833.333333333333,4835.540841914125,66,WR,-0.3780074284911134,23.0,True
3198,Jordan Battle,2000.0,8502.063756271917,95,DB,0.9328471735187651,22.0,False
3257,Kyu Blu Kelly,800.0,5007.007227668404,157,CB,-0.8395830425348765,22.0,False
2725,Robert Rochell,666.6666666666666,4227.821131165452,130,DB,-0.6660320512834524,23.0,False
629,Jaye Howard,3400.0,7769.419579688676,114,DT,-0.416756680333115,23.0,False
1760,Ben Gedeon,3000.0,7071.3977341869395,120,ILB,-0.03722270552416996,22.0,False
1269,Rob Havenstein,8285.714285714286,10358.730197597242,57,T,-1.0096681311394684,23.0,False
302,Nick Fairley,1095.2380952380952,3833.411871214221,13,DT,-0.4686690997183901,23.0,False
3119,Emmanuel Forbes,529.4117647058823,4051.146813329543,16,CB,-1.7267536923257274,22.0,False
538,Ryan Tannehill,3499.9999999999995,1794.9767577527673,8,QB,-1.2022992826059722,24.0,True
7,Wade Smith,6142.857142857143,6944.441915327868,78,T,-0.7336034234180899,22.0,False
3200,Ricky Stromberg,0.0,6846.6549932562975,97,OL,0.2685428828745701,22.0,False
2940,Nick Cross,2500.0,8576.75601516658,96,DB,1.2150099806053887,20.0,False
2998,Snoop Conner,0.0,5735.3171365196395,154,RB,0.9727595300899061,22.0,False
1917,Courtland Sutton,4500.0,5725.403604178447,40,WR,-0.3548032944274874,22.0,False
